{"cameraMode":{"drawMode":0,"name":"Shaded","section":"Shading Mode"},"sceneLighting":true,"audioPlay":false,"sceneViewState":{"showFog":true,"showMaterialUpdate":false,"showSkybox":true,"showFlares":true,"showImageEffects":true,"showParticleSystems":true},"in2DMode":false,"pivot":{"x":-7.335813522338867,"y":-7.78361701965332,"z":6.414479732513428},"rotation":{"x":-0.24701912701129914,"y":0.6163490414619446,"z":-0.2123621255159378,"w":-0.7169368267059326},"size":38.766944885253909,"orthographic":false}